,filename,status,lam,num_eq,loss,MRSE_train,MRSE_test
0,0000,init,0.0,18,0.009601027407206522,0.009601027407206522,0.05992310130943677
