,filename,status,lam,num_eq,loss,MRSE_train,MRSE_test
0,0000,init,0.0,20,0.001926289829021761,0.001926289829021761,0.02037061175028247
