,filename,status,lam,num_eq,loss,MRSE_train,MRSE_test
0,0000,init,0.0,64,0.0011793605643711182,0.0011793605643711182,0.015454962589940885
