,filename,status,lam,num_eq,loss,MRSE_train,MRSE_test
0,0000,init,0.0,32,0.0014185888730509101,0.0014185888730509101,0.01457453015549034
