,filename,status,lam,num_eq,loss,MRSE_train,MRSE_test
0,0000,init,0.0,20,0.0034743690986145286,0.0034743690986145286,0.04255533766530268
