,filename,status,lam,num_eq,loss,MRSE_train,MRSE_test
0,0000,init,0.0,64,0.0010972512694749786,0.0010972512694749786,0.016351971420289102
