,filename,status,lam,num_eq,loss,MRSE_train,MRSE_test
0,0000,init,0.0,17,0.0025312979679051393,0.0025312979679051393,0.01688378360282888
