,filename,status,lam,num_eq,loss,MRSE_train,MRSE_test
0,0000,init,0.0,23,0.003533249143716826,0.003533249143716826,0.04323873140676715
