,filename,status,lam,num_eq,loss,MRSE_train,MRSE_test
0,0000,0000,0.0,20,0.0014868153935314518,0.0014868153935314518,0.01384130688605051
