,filename,status,lam,num_eq,loss,MRSE_train,MRSE_test
0,0000,init,0.0,64,0.0012746449881334652,0.0012746449881334652,0.014728798272504543
