,filename,status,lam,num_eq,loss,MRSE_train,MRSE_test
0,0000,init,0.0,20,0.0014900820416595454,0.0014900820416595454,0.014011231070501522
