,filename,status,lam,num_eq,loss,MRSE_train,MRSE_test
0,0000,init,0.0,64,0.0011114971622964067,0.0011114971622964067,0.01463528854942694
