,filename,status,lam,num_eq,loss,MRSE_train,MRSE_test
0,0000,init,0.0,20,0.001500256928481388,0.001500256928481388,0.014480549155899582
