,filename,status,lam,num_eq,loss,MRSE_train,MRSE_test
0,0000,init,0.0,41,0.0022015402710856727,0.0022015402710856727,0.017020126476363053
