,filename,status,lam,num_eq,loss,MRSE_train,MRSE_test
0,0000,init,0.0,46,0.0012714251879614293,0.0012714251879614293,0.015645718492845812
