,filename,status,lam,num_eq,loss,MRSE_train,MRSE_test
0,0000,init,0.0,17,0.0026265254399001057,0.0026265254399001057,0.01629837069320866
