,filename,status,lam,num_eq,loss,MRSE_train,MRSE_test
0,0000,init,0.0,64,0.0010735782496115933,0.0010735782496115933,0.01728569303466299
