,filename,status,lam,num_eq,loss,MRSE_train,MRSE_test
0,0000,init,0.0,20,0.001504115344645183,0.001504115344645183,0.015529101604158286
