,filename,status,lam,num_eq,loss,MRSE_train,MRSE_test
0,0000,init,0.0,20,0.0014963833577199914,0.0014963833577199914,0.014689501298732591
