,filename,status,lam,num_eq,loss,MRSE_train,MRSE_test
0,0000,init,0.0,64,0.0011801538156696796,0.0011801538156696796,0.015358876784125886
