,filename,status,lam,num_eq,loss,MRSE_train,MRSE_test
0,0000,init,0.0,64,0.0010993400215425306,0.0010993400215425306,0.016719241517736308
