,filename,status,lam,num_eq,loss,MRSE_train,MRSE_test
0,0000,init,0.0,64,0.001058621638200237,0.001058621638200237,0.02026496161944985
