,filename,status,lam,num_eq,loss,MRSE_train,MRSE_test
0,0000,init,0.0,20,0.0014988722693601792,0.0014988722693601792,0.014319014748537726
