,filename,status,lam,num_eq,loss,MRSE_train,MRSE_test
0,0000,init,0.0,64,0.0009997532439702244,0.0009997532439702244,0.015632243714776714
