,filename,status,lam,num_eq,loss,MRSE_train,MRSE_test
0,0000,init,0.0,20,0.0015028002708103445,0.0015028002708103445,0.014586061129577579
