,filename,status,lam,num_eq,loss,MRSE_train,MRSE_test
0,0000,init,0.0,32,0.0017384650666258691,0.0017384650666258691,0.021478172670497942
