,filename,status,lam,num_eq,loss,MRSE_train,MRSE_test
0,0000,init,0.0,20,0.0015022818063972715,0.0015022818063972715,0.014236054439411817
