,filename,status,lam,num_eq,loss,MRSE_train,MRSE_test
0,0000,init,0.0,64,0.0012090478975111541,0.0012090478975111541,0.015236945152545702
