,filename,status,lam,num_eq,loss,MRSE_train,MRSE_test
0,0000,init,0.0,35,0.002962460814295976,0.002962460814295976,0.03908142903315105
